<?xml version="1.0" encoding="UTF-8"?>
<workflow-app xmlns="uri:oozie:workflow:0.4" name="game-of-thrones-job">
  <start to="step1"/>
  <action name="step1">
    <hive2 xmlns="uri:oozie:hive2-action:0.1">  
      <jdbc-url>jdbc:hive2://localhost:10000</jdbc-url>
      <password>cloudera</password>
      <script>create-temp-table.hql</script>
    </hive2>
    <ok to="end"/>
    <error to="error"/>
  </action>

  <kill name="error">
    <message>error message[${wf:errorMessage(wf:lastErrorNode())}]</message>
   </kill>

   <end name="end"/>

</workflow-app>


